content,statprog
kJbXRkGu148,StatProg1
8GIud213oWk,StatProg1
y848u2nh5k0,StatProg1
Qmrwx1Fux8U,StatProg1
ebN6OIO1peQ,StatProg1
ql7ym5P1pdc,StatProg1
2PMgXYCesqA,StatProg1
UiRDXy2441o,StatProg1
8vSOakaSij4,StatProg1
5IXQzKsOaCA,StatProg1
yx86hs0z3Lo,StatProg1
eE4bjDxuIGI,StatProg1
Dq_5bJ4f5SQ,StatProg1
M7wGsrbFYq8,StatProg1
F-T4xrRvtm8,StatProg1
lQjB0YsTmf8,StatProg1
Gdg8r8rF058,StatProg1
s3vBRCWLgd0,StatProg1
LtSIwByCsiA,StatProg1
ek32DIVoJMU,StatProg1
qQUSlffomJw,StatProg1
1S7HvH5ftUc,StatProg1
0eHTpbAWPUs,StatProg1
dKuxrGqAyi0,StatProg1
vXIqtTD_TI4,StatProg1
veNRPemjs0s,StatProg1
dx56enfszMM,StatProg1
vyRrHUAUlPQ,StatProg1
XFHlZx5aFkk,StatProg1
Asl0bQBha-o,StatProg1
q7vT3g8Vk5k,StatProg1
YFu24MqQzIo,StatProg1
_TBfHmw7seQ,StatProg1
KMtEJ2q-m5M,StatProg1
wtGMVIA-3SU,StatProg1
g93wMMF6ICg,StatProg1
2-peC0vkPrA,StatProg1
ARNO48uTqBc,StatProg1
sCaknm7wA_o,StatProg1
mg9vzl6jNWY,StatProg1
2gxE15rKgyU,StatProg1
iDfipE5Ne44,StatProg1
6OYvELGP6SQ,StatProg1
VdJSuvl7fn0,StatProg1
LgpAWdZCIg4,StatProg1
0SUgFGkMe6s,StatProg1
qeyDpFLX0Gk,StatProg1
BSBrb0cru5U,StatProg1
